{
  "meta-info": {},
  "C": [1.777e-05, 3.157729e-05, 5.6112844329999994e-05, 9.971252437440998e-05, 0.00017718915581332653, 0.00031486512988028123, 0.0005595153357972597, 0.0009942587517117304, 0.0017667978017917448, 0.0031395996937839303, 0.005579068655854044, 0.009914005001452637, 0.017617186887581335, 0.03130574109923203, 0.05563030193333531, 0.09885504653553684, 0.17566541769364896, 0.3121574472416142, 0.5547037837483484, 0.985708623720815, 1.7516042243518881, 3.1126007066733052, 5.531091455758463, 9.828749516882787, 17.465687891500714, 31.036527383196766, 55.15190915994065, 98.00494257721454],
  "shrinking": [true, false],
  "probability": [false],
  "tol": [0.000001, 0.00001, 0.0001, 0.001, 0.01, 0.1, 1, 10, 100, 1000, 10000],
  "class_weight": [null, "balanced"],
  "max_iter": [1000000],
  "decision_function_shape": ["ovr", "ovo"],
  "kernel": {
    "linear":{},
    "poly": {
      "degree": [0,1,2,3,4,5,6,7,8,9,10],
      "coef0": [1.777e-05, 3.157729e-05, 5.6112844329999994e-05, 9.971252437440998e-05, 0.00017718915581332653, 0.00031486512988028123, 0.0005595153357972597, 0.0009942587517117304, 0.0017667978017917448, 0.0031395996937839303, 0.005579068655854044, 0.009914005001452637, 0.017617186887581335, 0.03130574109923203, 0.05563030193333531, 0.09885504653553684, 0.17566541769364896, 0.3121574472416142, 0.5547037837483484, 0.985708623720815, 1.7516042243518881, 3.1126007066733052, 5.531091455758463, 9.828749516882787, 17.465687891500714, 31.036527383196766, 55.15190915994065, 98.00494257721454],
      "gamma": [1.777e-05, 3.157729e-05, 5.6112844329999994e-05, 9.971252437440998e-05, 0.00017718915581332653, 0.00031486512988028123, 0.0005595153357972597, 0.0009942587517117304, 0.0017667978017917448, 0.0031395996937839303, 0.005579068655854044, 0.009914005001452637, 0.017617186887581335, 0.03130574109923203, 0.05563030193333531, 0.09885504653553684, 0.17566541769364896, 0.3121574472416142, 0.5547037837483484, 0.985708623720815, 1.7516042243518881, 3.1126007066733052, 5.531091455758463, 9.828749516882787, 17.465687891500714, 31.036527383196766, 55.15190915994065, 98.00494257721454]
    },
    "rbf": {
      "gamma": [1.777e-05, 3.157729e-05, 5.6112844329999994e-05, 9.971252437440998e-05, 0.00017718915581332653, 0.00031486512988028123, 0.0005595153357972597, 0.0009942587517117304, 0.0017667978017917448, 0.0031395996937839303, 0.005579068655854044, 0.009914005001452637, 0.017617186887581335, 0.03130574109923203, 0.05563030193333531, 0.09885504653553684, 0.17566541769364896, 0.3121574472416142, 0.5547037837483484, 0.985708623720815, 1.7516042243518881, 3.1126007066733052, 5.531091455758463, 9.828749516882787, 17.465687891500714, 31.036527383196766, 55.15190915994065, 98.00494257721454]
    },
    "sigmoid": {
      "coef0": [1.777e-05, 3.157729e-05, 5.6112844329999994e-05, 9.971252437440998e-05, 0.00017718915581332653, 0.00031486512988028123, 0.0005595153357972597, 0.0009942587517117304, 0.0017667978017917448, 0.0031395996937839303, 0.005579068655854044, 0.009914005001452637, 0.017617186887581335, 0.03130574109923203, 0.05563030193333531, 0.09885504653553684, 0.17566541769364896, 0.3121574472416142, 0.5547037837483484, 0.985708623720815, 1.7516042243518881, 3.1126007066733052, 5.531091455758463, 9.828749516882787, 17.465687891500714, 31.036527383196766, 55.15190915994065, 98.00494257721454],
      "gamma": [1.777e-05, 3.157729e-05, 5.6112844329999994e-05, 9.971252437440998e-05, 0.00017718915581332653, 0.00031486512988028123, 0.0005595153357972597, 0.0009942587517117304, 0.0017667978017917448, 0.0031395996937839303, 0.005579068655854044, 0.009914005001452637, 0.017617186887581335, 0.03130574109923203, 0.05563030193333531, 0.09885504653553684, 0.17566541769364896, 0.3121574472416142, 0.5547037837483484, 0.985708623720815, 1.7516042243518881, 3.1126007066733052, 5.531091455758463, 9.828749516882787, 17.465687891500714, 31.036527383196766, 55.15190915994065, 98.00494257721454]
    }
  }
}